diagnosis,admissions,readmission_rate
414,9473,0.09110102396284175
428,9385,0.14150239744272775
786,5432,0.06995581737849779
486,5226,0.08476846536548029
410,5076,0.10598896769109535
427,3921,0.09053812802856415
491,3572,0.1265397536394177
715,3514,0.099601593625498
682,3206,0.08359326263256395
434,3071,0.16313904265711496
780,2857,0.08855442772138607
996,2623,0.13495996950057187
276,2502,0.13229416466826538
250.8,2440,0.10737704918032787
38,2329,0.10304851867754401
599,2198,0.10145586897179254
584,1929,0.13115603939865214
493,1802,0.09045504994450611
V57,1774,0.12401352874859076
250.6,1619,0.1686226065472514
820,1562,0.1677336747759283
435,1560,0.075
518,1544,0.09520725388601037
296,1347,0.11878247958426132
577,1288,0.1281055900621118
250.02,1260,0.0761904761904762
574,1252,0.0902555910543131
250.7,1251,0.18465227817745802
562,1232,0.08441558441558442
722,1204,0.07142857142857142
440,1191,0.15449202350965574
433,1179,0.09923664122137404
998,1136,0.11443661971830986
560,1041,0.10182516810758886
250.13,913,0.12814895947426067
453,834,0.11750599520383694
578,823,0.09720534629404617
507,781,0.1523687580025608
415,690,0.10289855072463767
789,682,0.10410557184750734
295,682,0.10410557184750734
530,666,0.1021021021021021
250.11,665,0.13984962406015036
162,661,0.10136157337367625
402,658,0.11550151975683891
724,656,0.08689024390243902
403,653,0.14854517611026033
8,631,0.13312202852614896
250.82,630,0.14603174603174604
250.12,580,0.0706896551724138
535,574,0.09233449477351917
458,573,0.09773123909249563
997,571,0.08231173380035026
733,519,0.1252408477842004
401,508,0.1220472440944882
482,500,0.134
285,499,0.1523046092184369
824,497,0.14285714285714285
590,492,0.06097560975609756
592,469,0.10874200426439233
278,465,0.05591397849462366
280,457,0.09190371991247265
197,444,0.1463963963963964
250,434,0.06912442396313365
250.1,431,0.10208816705336426
153,414,0.0966183574879227
426,407,0.09090909090909091
558,407,0.13267813267813267
511,382,0.1518324607329843
812,382,0.09424083769633508
707,378,0.15079365079365079
787,358,0.16759776536312848
730,357,0.12324929971988796
531,357,0.08123249299719888
569,355,0.09014084507042254
411,353,0.0764872521246459
198,353,0.14730878186968838
404,336,0.14285714285714285
571,332,0.1536144578313253
466,328,0.10670731707317073
V58,327,0.41896024464831805
250.4,320,0.090625
648,298,0.07046979865771812
575,298,0.10067114093959731
424,295,0.1016949152542373
572,295,0.18983050847457628
552,293,0.09215017064846416
331,292,0.1404109589041096
721,286,0.08391608391608392
600,283,0.11307420494699646
532,283,0.06713780918727916
805,274,0.0948905109489051
250.22,266,0.07518796992481203
540,258,0.031007751937984496
185,246,0.04878048780487805
436,243,0.1111111111111111
557,235,0.08936170212765958
444,222,0.14414414414414414
821,221,0.1085972850678733
250.03,220,0.06363636363636363
618,217,0.03686635944700461
348,216,0.16203703703703703
431,216,0.046296296296296294
784,216,0.05092592592592592
808,215,0.17209302325581396
250.81,209,0.12440191387559808
386,201,0.03980099502487562
515,196,0.12244897959183673
790,193,0.19689119170984457
564,191,0.1256544502617801
728,190,0.12631578947368421
536,189,0.13756613756613756
823,188,0.13297872340425532
174,183,0.07650273224043716
681,183,0.12021857923497267
250.2,182,0.06043956043956044
218,182,0.02197802197802198
553,182,0.054945054945054944
189,175,0.09142857142857143
441,175,0.08571428571428572
345,170,0.06470588235294118
188,166,0.09036144578313253
852,165,0.1393939393939394
398,164,0.12804878048780488
294,163,0.147239263803681
413,160,0.08125
781,160,0.15
274,158,0.13924050632911392
182,157,0.06369426751592357
487,152,0.07236842105263158
292,152,0.13157894736842105
729,149,0.10738255033557047
202,149,0.20134228187919462
595,146,0.10273972602739725
726,145,0.041379310344827586
537,145,0.15862068965517243
785,144,0.10416666666666667
157,141,0.14184397163120568
593,141,0.19858156028368795
443,140,0.21428571428571427
813,138,0.09420289855072464
211,137,0.06569343065693431
566,136,0.007352941176470588
291,135,0.11851851851851852
437,132,0.11363636363636363
459,130,0.09230769230769231
490,129,0.10077519379844961
288,129,0.11627906976744186
455,127,0.08661417322834646
250.42,126,0.21428571428571427
287,125,0.168
432,125,0.088
576,124,0.1935483870967742
290,123,0.12195121951219512
346,122,0.040983606557377046
154,122,0.09016393442622951
300,121,0.09917355371900827
79,121,0.08264462809917356
496,120,0.1
608,119,0.13445378151260504
807,119,0.06722689075630252
782,119,0.09243697478991597
438,118,0.1864406779661017
995,115,0.11304347826086956
425,114,0.07017543859649122
250.83,113,0.10619469026548672
626,110,0.03636363636363636
481,109,0.027522935779816515
423,108,0.12962962962962962
723,106,0.04716981132075472
112,105,0.1523809523809524
654,102,0.0196078431372549
250.41,102,0.2647058823529412
298,99,0.1919191919191919
303,98,0.07142857142857142
711,98,0.10204081632653061
284,96,0.13541666666666666
738,96,0.10416666666666667
719,95,0.08421052631578947
799,93,0.10752688172043011
420,93,0.15053763440860216
416,92,0.07608695652173914
238,89,0.11235955056179775
282,88,0.2159090909090909
850,88,0.022727272727272728
241,87,0.08045977011494253
447,87,0.16091954022988506
822,85,0.08235294117647059
V55,83,0.03614457831325301
225,82,0.17073170731707318
585,81,0.13580246913580246
253,80,0.1
250.92,80,0.1625
311,80,0.1
293,80,0.175
151,79,0.05063291139240506
53,79,0.13924050632911392
332,79,0.11392405063291139
716,79,0.08860759493670886
625,79,0.0379746835443038
340,77,0.19480519480519481
V54,77,0.03896103896103896
924,74,0.08108108108108109
962,74,0.14864864864864866
727,73,0.1095890410958904
596,72,0.06944444444444445
642,71,0.08450704225352113
250.01,71,0.028169014084507043
620,71,0.014084507042253521
555,70,0.04285714285714286
969,70,0.14285714285714285
567,69,0.2463768115942029
191,69,0.10144927536231885
275,69,0.07246376811594203
965,69,0.13043478260869565
519,68,0.08823529411764706
550,68,0.1323529411764706
155,67,0.1044776119402985
227,67,0.029850746268656716
485,66,0.09090909090909091
556,66,0.045454545454545456
220,65,0.06153846153846154
286,63,0.06349206349206349
516,63,0.15873015873015872
465,62,0.08064516129032258
860,61,0.18032786885245902
9,61,0.03278688524590164
V53,60,0.016666666666666666
421,59,0.15254237288135594
451,59,0.11864406779661017
42,56,0.125
959,56,0.125
922,55,0.18181818181818182
510,55,0.03636363636363636
512,55,0.14545454545454545
514,54,0.18518518518518517
788,54,0.16666666666666666
604,54,0.12962962962962962
573,54,0.07407407407407407
351,53,0.018867924528301886
844,53,0.03773584905660377
70,53,0.1320754716981132
396,52,0.15384615384615385
714,52,0.21153846153846154
429,52,0.15384615384615385
492,50,0.1
239,49,0.1836734693877551
349,49,0.061224489795918366
442,49,0.061224489795918366
611,48,0.125
333,48,0.10416666666666667
203,48,0.20833333333333334
304,46,0.0
851,46,0.10869565217391304
801,45,0.06666666666666667
283,45,0.044444444444444446
478,45,0.13333333333333333
183,44,0.22727272727272727
193,44,0.045454545454545456
309,44,0.11363636363636363
327,41,0.12195121951219512
233,41,0.04878048780487805
277,41,0.14634146341463414
135,41,0.0
999,40,0.05
205,40,0.025
568,40,0.075
825,39,0.1282051282051282
204,39,0.28205128205128205
430,39,0.10256410256410256
802,39,0.07692307692307693
527,38,0.02631578947368421
494,38,0.18421052631578946
47,37,0.05405405405405406
196,37,0.10810810810810811
710,37,0.10810810810810811
150,37,0.13513513513513514
607,35,0.02857142857142857
659,35,0.02857142857142857
794,35,0.08571428571428572
783,35,0.11428571428571428
473,34,0.11764705882352941
693,34,0.08823529411764706
?,33,0.2727272727272727
235,32,0.03125
522,32,0.0
958,32,0.03125
252,31,0.12903225806451613
255,31,0.16129032258064516
616,31,0.0
250.23,31,0.16129032258064516
533,30,0.06666666666666667
920,30,0.1
289,30,0.03333333333333333
305,30,0.06666666666666667
528,29,0.0
380,29,0.034482758620689655
307,29,0.10344827586206896
614,29,0.034482758620689655
446,29,0.06896551724137931
534,28,0.07142857142857142
461,28,0.03571428571428571
456,28,0.07142857142857142
200,28,0.17857142857142858
586,28,0.25
756,28,0.25
338,28,0.2857142857142857
250.43,28,0.25
661,28,0.0
644,28,0.14285714285714285
250.3,27,0.14814814814814814
617,27,0.037037037037037035
627,27,0.07407407407407407
680,27,0.037037037037037035
658,27,0.07407407407407407
621,27,0.0
226,27,0.0
242,27,0.14814814814814814
513,26,0.07692307692307693
312,25,0.12
591,25,0.08
281,25,0.32
357,25,0.12
601,25,0.0
156,24,0.041666666666666664
861,24,0.08333333333333333
480,24,0.041666666666666664
718,24,0.16666666666666666
376,24,0.125
355,24,0.041666666666666664
250.93,24,0.08333333333333333
967,24,0.5416666666666666
972,24,0.3333333333333333
736,24,0.16666666666666666
853,23,0.17391304347826086
656,23,0.0
378,23,0.0
581,23,0.13043478260869565
840,23,0.0
250.33,22,0.045454545454545456
705,22,0.13636363636363635
664,21,0.0
892,21,0.0
977,21,0.0
725,21,0.0
873,21,0.0
310,20,0.15
358,20,0.35
847,20,0.05
250.32,20,0.1
945,19,0.0
54,19,0.05263157894736842
989,19,0.10526315789473684
882,19,0.10526315789473684
867,19,0.0
V56,19,0.05263157894736842
323,19,0.0
171,18,0.16666666666666666
161,18,0.05555555555555555
695,18,0.05555555555555555
594,18,0.1111111111111111
952,18,0.05555555555555555
5,18,0.16666666666666666
152,18,0.2222222222222222
158,17,0.058823529411764705
475,17,0.23529411764705882
457,17,0.35294117647058826
454,17,0.0
935,17,0.29411764705882354
250.31,17,0.23529411764705882
297,17,0.17647058823529413
933,16,0.0625
843,16,0.0
184,16,0.0
845,16,0.0
251,16,0.125
350,16,0.25
201,16,0.0625
966,16,0.25
35,16,0.0
263,15,0.3333333333333333
199,15,0.2
244,15,0.0
464,15,0.13333333333333333
462,15,0.0
394,15,0.06666666666666667
212,15,0.0
230,15,0.26666666666666666
354,14,0.07142857142857142
368,14,0.14285714285714285
34,14,0.2857142857142857
521,14,0.0
717,14,0.14285714285714285
11,14,0.0
335,14,0.0
250.21,14,0.14285714285714285
306,14,0.14285714285714285
970,14,0.0
891,14,0.0
3,14,0.0
746,14,0.0
652,13,0.0
660,13,0.07692307692307693
362,13,0.0
810,13,0.0
V63,13,0.23076923076923078
250.5,13,0.0
737,13,0.3076923076923077
237,12,0.0
565,12,0.08333333333333333
V71,12,0.0
163,12,0.08333333333333333
865,12,0.0
864,12,0.0
250.9,12,0.0
66,12,0.0
708,12,0.0
337,12,0.0
526,12,0.3333333333333333
815,12,0.25
816,12,0.08333333333333333
383,12,0.08333333333333333
214,12,0.0
88,11,0.09090909090909091
964,11,0.2727272727272727
344,11,0.0
359,11,0.36363636363636365
342,11,0.0
759,11,0.0
641,11,0.0
685,11,0.2727272727272727
141,11,0.09090909090909091
320,11,0.0
78,11,0.0
854,10,0.2
41,10,0.0
395,10,0.0
445,10,0.3
866,10,0.0
747,10,0.0
646,10,0.3
883,10,0.0
792,10,0.2
541,10,0.2
341,10,0.2
836,10,0.0
745,10,0.0
551,10,0.3
731,10,0.8
117,10,0.0
686,10,0.0
917,9,0.0
968,9,0.1111111111111111
210,9,0.0
353,9,0.0
753,9,0.1111111111111111
831,9,0.0
195,9,0.2222222222222222
82,9,0.4444444444444444
588,9,0.2222222222222222
696,9,0.2222222222222222
272,9,0.0
992,9,0.0
991,8,0.0
983,8,0.0
271,8,1.0
751,8,0.0
570,8,0.25
709,8,0.25
324,8,0.0
388,8,0.0
94,8,0.25
192,8,0.0
175,8,0.0
382,8,0.125
814,8,0.0
800,8,0.0
934,8,0.125
579,7,0.0
49,7,0.0
483,7,0.0
397,7,0.14285714285714285
890,7,0.14285714285714285
846,7,0.0
893,7,0.0
734,7,0.0
136,7,0.0
524,7,0.0
223,7,0.0
622,7,0.0
663,7,0.0
360,6,0.0
796,6,0.16666666666666666
180,6,0.0
179,6,0.5
598,6,0.16666666666666666
603,6,0.0
215,6,0.0
228,6,0.0
361,6,0.0
379,6,0.0
921,6,0.0
470,6,0.0
942,6,0.16666666666666666
208,6,0.3333333333333333
806,6,0.16666666666666666
495,6,0.0
374,6,0.3333333333333333
881,6,0.0
273,6,0.0
694,6,0.16666666666666666
266,6,0.0
619,6,0.16666666666666666
142,6,0.0
245,6,0.0
529,6,0.16666666666666666
301,5,0.0
647,5,0.0
655,5,0.0
633,5,0.0
692,5,0.0
602,5,0.0
261,5,0.0
674,5,0.0
643,5,0.6
826,5,0.2
508,5,0.4
835,5,0.0
172,5,0.2
377,5,0.0
384,5,0.0
720,5,0.0
336,5,0.0
356,5,0.6
583,5,0.0
793,5,0.0
886,5,0.0
452,5,0.2
V45,5,0.0
463,5,0.0
913,5,0.0
500,5,0.0
862,5,0.0
187,5,0.0
797,5,0.0
963,5,0.0
936,4,0.0
916,4,0.0
39,4,0.0
923,4,0.0
405,4,0.0
928,4,0.5
501,4,0.0
868,4,0.0
863,4,0.0
173,4,0.0
506,4,0.75
250.52,4,0.0
250.53,4,0.0
706,4,0.0
31,4,0.5
683,4,0.0
474,4,0.0
370,4,0.0
897,4,0.0
944,4,0.0
955,4,0.0
385,4,0.0
322,4,0.0
250.91,4,0.0
236,4,0.0
308,4,0.0
352,4,0.25
131,4,0.0
115,4,0.0
146,4,0.5
795,4,0.0
262,4,0.25
623,4,0.25
986,4,0.0
605,3,0.0
147,3,0.0
23,3,0.6666666666666666
334,3,0.0
369,3,0.0
987,3,0.0
27,3,0.6666666666666666
990,3,0.0
110,3,0.0
803,3,0.0
871,3,0.0
164,3,0.0
904,3,1.0
914,3,0.0
V51,3,0.0
971,3,0.3333333333333333
838,3,0.0
448,3,0.0
36,3,0.0
580,3,0.3333333333333333
194,3,0.0
52,3,0.3333333333333333
880,3,0.0
363,3,0.0
879,3,0.0
240,3,0.0
691,3,0.0
632,3,0.0
700,3,0.0
669,3,0.0
653,3,0.0
665,3,0.0
365,2,0.0
848,2,0.0
V67,2,0.0
975,2,0.0
980,2,0.0
V26,2,0.0
973,2,0.5
422,2,0.0
417,2,0.0
610,2,0.0
634,2,0.0
7,2,0.0
703,2,0.0
582,2,0.0
732,2,0.0
684,2,0.0
615,2,0.0
E909,2,0.0
149,2,0.0
145,2,0.0
V66,2,0.0
645,2,0.0
279,2,0.5
657,2,0.0
690,2,0.0
58,2,0.0
299,2,1.0
834,2,0.0
84,2,0.0
375,2,0.0
48,2,0.5
875,2,0.0
170,2,0.0
941,2,0.0
735,2,0.0
75,2,0.0
325,2,0.0
542,2,0.0
246,2,0.0
216,2,0.0
229,2,0.0
878,2,0.0
523,1,0.0
219,1,0.0
347,1,1.0
318,1,0.0
314,1,0.0
791,1,0.0
543,1,1.0
61,1,0.0
217,1,0.0
637,1,0.0
250.51,1,0.0
57,1,0.0
649,1,0.0
704,1,0.0
698,1,0.0
V60,1,1.0
10,1,0.0
988,1,0.0
133,1,0.0
143,1,0.0
148,1,0.0
994,1,0.0
982,1,0.0
671,1,0.0
640,1,0.0
207,1,0.0
817,1,0.0
839,1,0.0
381,1,0.0
833,1,0.0
832,1,0.0
373,1,0.0
372,1,0.0
477,1,0.0
870,1,0.0
842,1,0.0
837,1,0.0
366,1,0.0
804,1,0.0
827,1,0.0
885,1,0.0
895,1,0.0
939,1,0.0
911,1,0.0
906,1,1.0
903,1,0.0
915,1,0.0
391,1,1.0
389,1,0.0
919,1,0.0
V07,1,0.0
957,1,0.0
160,1,0.0
471,1,0.0
V25,1,0.0
412,1,0.0
V43,1,0.0
97,1,0.0
974,1,1.0
98,1,0.0
976,1,0.0
V70,1,0.0
114,1,0.0
